,MODEL,ZONE,TRAINSCORE,TESTSCORE,BEST_PARAMS,CV
0,Baseline,ZONE1,,0.33015236796871067,,
1,Baseline,ZONE2,,0.28978070506662607,,
2,Baseline,ZONE3,,0.3126397058480812,,
3,Baseline,ZONE4,,0.3667265872393976,,
4,Baseline,ZONE5,,0.3615012832343364,,
5,Baseline,ZONE6,,0.3556486393080746,,
6,Baseline,ZONE7,,0.3067860163750854,,
7,Baseline,ZONE8,,0.3166107835022447,,
8,Baseline,ZONE9,,0.31255859209759934,,
9,Baseline,ZONE10,,0.3440189624045676,,
10,Baseline,TOTAL,,0.3306144820303551,,
